Protein.Key,Selected_peptides,lgillet_I150211_010_Prob,lgillet_I150211_010_Peptides,lgillet_I150211_010_PSMs,lgillet_I150211_010_MS1_iBAQ,lgillet_I150211_010_Top6pep.Top6fra..Freq.0.5,lgillet_I150211_011_Prob,lgillet_I150211_011_Peptides,lgillet_I150211_011_PSMs,lgillet_I150211_011_MS1_iBAQ,lgillet_I150211_011_Top6pep.Top6fra..Freq.0.5,lgillet_I150211_013_Prob,lgillet_I150211_013_Peptides,lgillet_I150211_013_PSMs,lgillet_I150211_013_MS1_iBAQ,lgillet_I150211_013_Top6pep.Top6fra..Freq.0.5,lgillet_I150211_008_Prob,lgillet_I150211_008_Peptides,lgillet_I150211_008_PSMs,lgillet_I150211_008_MS1_iBAQ,lgillet_I150211_008_Top6pep.Top6fra..Freq.0.5,lgillet_I150211_009_Prob,lgillet_I150211_009_Peptides,lgillet_I150211_009_PSMs,lgillet_I150211_009_MS1_iBAQ,lgillet_I150211_009_Top6pep.Top6fra..Freq.0.5,lgillet_I150211_012_Prob,lgillet_I150211_012_Peptides,lgillet_I150211_012_PSMs,lgillet_I150211_012_MS1_iBAQ,lgillet_I150211_012_Top6pep.Top6fra..Freq.0.5,X
sp|P0AAC0|USPE_ECOLI,TGISAAFLGNTAEQVIDHLR_3,1,1,1,161.10611,2717,1,8,8,1310.2211,9799,1,7,6,1297.7266,9981,1,2,2,359.26392,2646,1,7,6,1813.4911,9549,1,1,1,103.71796,2006,
sp|Q9NYK5|RM39_HUMAN,FQGVSLPVHLR_3,1,1,1,26.737955,2745,1,2,2,108.81549,3483,1,1,1,39.390156,4374,1,3,3,107.739525,4043,1,1,1,0,0,1,1,1,31.14587,3274,
sp|P11310|ACADM_HUMAN,TRPVVAAGAVGLAQR_3|GIVFEDVKVPK_3|EEIIPVAAEYDKTGEYPVPLIR_3|AFTGFIVEADTPGIQIGR_3|NTYYASIAK_2|TRPVVAAGAVGLAQR_2,1,7,7,541.7552,24973,1,9,9,744.2032,24386,1,8,8,785.47064,23698,1,9,9,1062.4688,31430,1,6,6,554.96326,15247,1,8,8,691.91187,24170,
tr|C8ZI74|C8ZI74_YEAS8,ILTVIAPGLLDK_2,0.9826,1,1,30.52844,0,0.9826,1,1,10.498865,281,0.9826,1,0,17.011131,345,0.9826,1,1,30.075281,822,,,,,,0.9826,1,1,28.227854,823,
sp|P63244|GBLP_HUMAN,LWDLTTGTTTR_2|YWL[57.021(C)]CAATGPSIK_2|IIVDELKQEVISTSSK_3|DETNYGIPQR_2|VWQVTIGTR_2|DVLSVAFSSDNR_2,1,31,32,17528.283,328136,1,31,30,17707.914,301465,1,31,32,16875.436,298768,1,31,32,20874.46,355545,1,31,31,18169.967,323083,1,32,33,17245.688,300963,
